{
  "width": 448,
  "height": 448,
  "cell_m": 14.849344293020724,
  "lat_nw": 39.0362529596366,
  "lon_nw": 141.591796875,
  "lat_se": 38.9764924855394,
  "lon_se": 141.668701171875,
  "min": -3.143125000000001,
  "max": 409.80437500000005,
  "missing_sea": -2.0,
  "source": "国土地理院 標高タイル dem5a/dem"
}